{
    "$schema": "https://schema.management.azure.com/schemas/2019-04-01/deploymentTemplate.json#",
    "contentVersion": "1.0.0.0",
    "parameters": {
        "workflows_la_IntuneLifecycle_name": {
            "defaultValue": "la-IntuneLifecycle",
            "type": "String"
        }
    },
    "variables": {},
    "resources": [
        {
            "type": "Microsoft.Logic/workflows",
            "apiVersion": "2017-07-01",
            "name": "[parameters('workflows_la_IntuneLifecycle_name')]",
            "location": "switzerlandnorth",
            "identity": {
                "type": "SystemAssigned"
            },
            "properties": {
                "state": "Enabled",
                "definition": {
                    "$schema": "https://schema.management.azure.com/providers/Microsoft.Logic/schemas/2016-06-01/workflowdefinition.json#",
                    "contentVersion": "1.0.0.0",
                    "parameters": {},
                    "triggers": {
                        "Recurrence": {
                            "recurrence": {
                                "frequency": "Day",
                                "interval": 1,
                                "startTime": "2023-12-01T10:00:00Z",
                                "timeZone": "W. Europe Standard Time"
                            },
                            "evaluatedRecurrence": {
                                "frequency": "Day",
                                "interval": 1,
                                "startTime": "2023-12-01T10:00:00Z",
                                "timeZone": "W. Europe Standard Time"
                            },
                            "type": "Recurrence"
                        }
                    },
                    "actions": {
                        "ForEach_Device_item": {
                            "foreach": "@body('Parse_JSON_-_list_items')?['value']",
                            "actions": {
                                "Condition_-_If_Device_active_+_Windows": {
                                    "actions": {
                                        "ForEach_-_Current_Autopilot_Object": {
                                            "foreach": "@body('Parse_JSON_-_Autopilot_Object')?['value']",
                                            "actions": {
                                                "IF_Autopilot_Grouptag_not_eq_List_Grouptag_": {
                                                    "actions": {
                                                        "HTTP_-_Set_Autopilot_Grouptag": {
                                                            "runAfter": {},
                                                            "type": "Http",
                                                            "inputs": {
                                                                "authentication": {
                                                                    "audience": "https://graph.microsoft.com",
                                                                    "type": "ManagedServiceIdentity"
                                                                },
                                                                "body": {
                                                                    "groupTag": "@{items('ForEach_Device_item')?['fields']?['Grouptag']}"
                                                                },
                                                                "method": "POST",
                                                                "uri": "https://graph.microsoft.com/beta/deviceManagement/windowsAutopilotDeviceIdentities/@{items('ForEach_-_Current_Autopilot_Object')?['id']}/UpdateDeviceProperties"
                                                            }
                                                        }
                                                    },
                                                    "runAfter": {
                                                        "IF_Autopilot_name_not_eq_List_Title": [
                                                            "Succeeded"
                                                        ]
                                                    },
                                                    "expression": {
                                                        "and": [
                                                            {
                                                                "equals": [
                                                                    "",
                                                                    ""
                                                                ]
                                                            }
                                                        ]
                                                    },
                                                    "type": "If"
                                                },
                                                "IF_Autopilot_name_not_eq_List_Title": {
                                                    "actions": {
                                                        "HTTP_-_Set_Autopilot_displayName": {
                                                            "runAfter": {},
                                                            "type": "Http",
                                                            "inputs": {
                                                                "authentication": {
                                                                    "audience": "https://graph.microsoft.com",
                                                                    "type": "ManagedServiceIdentity"
                                                                },
                                                                "body": {
                                                                    "displayName": "@{items('ForEach_Device_item')?['fields']?['Title']}"
                                                                },
                                                                "method": "POST",
                                                                "uri": "https://graph.microsoft.com/beta/deviceManagement/windowsAutopilotDeviceIdentities/@{items('ForEach_-_Current_Autopilot_Object')?['id']}/UpdateDeviceProperties"
                                                            }
                                                        }
                                                    },
                                                    "runAfter": {},
                                                    "expression": {
                                                        "and": [
                                                            {
                                                                "not": {
                                                                    "equals": [
                                                                        "@items('ForEach_Device_item')?['fields']?['Title']",
                                                                        ""
                                                                    ]
                                                                }
                                                            }
                                                        ]
                                                    },
                                                    "type": "If"
                                                },
                                                "IF_user_is_assigned": {
                                                    "actions": {
                                                        "IF_User_not_eq_User": {
                                                            "actions": {
                                                                "HTTP_-_Post_UserPrincipalName_to_Autopilot_Device": {
                                                                    "runAfter": {},
                                                                    "type": "Http",
                                                                    "inputs": {
                                                                        "authentication": {
                                                                            "audience": "https://graph.microsoft.com",
                                                                            "type": "ManagedServiceIdentity"
                                                                        },
                                                                        "body": {
                                                                            "userPrincipalName": "@{items('ForEach_Device_item')?['fields']?['User']}"
                                                                        },
                                                                        "method": "POST",
                                                                        "uri": "https://graph.microsoft.com/beta/deviceManagement/windowsAutopilotDeviceIdentities/@{items('ForEach_-_Current_Autopilot_Object')?['id']}/UpdateDeviceProperties"
                                                                    }
                                                                }
                                                            },
                                                            "runAfter": {},
                                                            "expression": {
                                                                "and": [
                                                                    {
                                                                        "not": {
                                                                            "equals": [
                                                                                "@items('ForEach_-_Current_Autopilot_Object')?['userPrincipalName']",
                                                                                "@items('ForEach_Device_item')?['fields']?['User']"
                                                                            ]
                                                                        }
                                                                    }
                                                                ]
                                                            },
                                                            "type": "If"
                                                        }
                                                    },
                                                    "runAfter": {
                                                        "IF_Autopilot_Grouptag_not_eq_List_Grouptag_": [
                                                            "Succeeded"
                                                        ]
                                                    },
                                                    "else": {
                                                        "actions": {
                                                            "HTTP_-_Remove_UserPrincipalName_from_Autopilot_Device": {
                                                                "runAfter": {},
                                                                "type": "Http",
                                                                "inputs": {
                                                                    "authentication": {
                                                                        "audience": "https://graph.microsoft.com",
                                                                        "type": "ManagedServiceIdentity"
                                                                    },
                                                                    "method": "POST",
                                                                    "uri": "https://graph.microsoft.com/beta/deviceManagement/windowsAutopilotDeviceIdentities/@{items('ForEach_-_Current_Autopilot_Object')?['id']}/unassignUserFromDevice"
                                                                }
                                                            }
                                                        }
                                                    },
                                                    "expression": {
                                                        "and": [
                                                            {
                                                                "not": {
                                                                    "equals": [
                                                                        "@items('ForEach_Device_item')?['fields']?['User']",
                                                                        "@null"
                                                                    ]
                                                                }
                                                            }
                                                        ]
                                                    },
                                                    "type": "If"
                                                },
                                                "Scope_-_Catch_ManagedDevice_(Intune)": {
                                                    "actions": {},
                                                    "runAfter": {
                                                        "Scope_-_Try_ManagedDevice_(Intune)": [
                                                            "Failed"
                                                        ]
                                                    },
                                                    "type": "Scope"
                                                },
                                                "Scope_-_Try_ManagedDevice_(Intune)": {
                                                    "actions": {
                                                        "HTTP_-_Get_ManagedDevice": {
                                                            "runAfter": {},
                                                            "type": "Http",
                                                            "inputs": {
                                                                "authentication": {
                                                                    "audience": "https://graph.microsoft.com",
                                                                    "type": "ManagedServiceIdentity"
                                                                },
                                                                "method": "GET",
                                                                "uri": "https://graph.microsoft.com/beta/deviceManagement/managedDevices/{@{items('ForEach_-_Current_Autopilot_Object')?['managedDeviceId']}}"
                                                            }
                                                        },
                                                        "IF_Intune_title_not_eq_List_Title": {
                                                            "actions": {
                                                                "HTTP_-_Set_ManagedDevice_deviceName": {
                                                                    "runAfter": {},
                                                                    "type": "Http",
                                                                    "inputs": {
                                                                        "authentication": {
                                                                            "audience": "https://graph.microsoft.com",
                                                                            "type": "ManagedServiceIdentity"
                                                                        },
                                                                        "body": {
                                                                            "deviceName": "@{items('ForEach_Device_item')?['fields']?['Title']}"
                                                                        },
                                                                        "method": "POST",
                                                                        "uri": "https://graph.microsoft.com/beta/deviceManagement/managedDevices('@{body('Parse_JSON_-_ManagedDevice')?['body']?['id']}')/setDeviceName"
                                                                    }
                                                                }
                                                            },
                                                            "runAfter": {
                                                                "Parse_JSON_-_ManagedDevice": [
                                                                    "Succeeded"
                                                                ]
                                                            },
                                                            "expression": {
                                                                "and": [
                                                                    {
                                                                        "equals": [
                                                                            "@body('Parse_JSON_-_ManagedDevice')?['body']?['deviceName']",
                                                                            "@items('ForEach_Device_item')?['fields']?['Title']"
                                                                        ]
                                                                    }
                                                                ]
                                                            },
                                                            "type": "If"
                                                        },
                                                        "Parse_JSON_-_ManagedDevice": {
                                                            "runAfter": {
                                                                "HTTP_-_Get_ManagedDevice": [
                                                                    "Succeeded"
                                                                ]
                                                            },
                                                            "type": "ParseJson",
                                                            "inputs": {
                                                                "content": "@body('HTTP_-_Get_ManagedDevice')",
                                                                "schema": {
                                                                    "properties": {
                                                                        "body": {
                                                                            "properties": {
                                                                                "@@odata.context": {
                                                                                    "type": "string"
                                                                                },
                                                                                "aadRegistered": {
                                                                                    "type": "boolean"
                                                                                },
                                                                                "activationLockBypassCode": {},
                                                                                "androidSecurityPatchLevel": {},
                                                                                "autopilotEnrolled": {
                                                                                    "type": "boolean"
                                                                                },
                                                                                "azureADDeviceId": {
                                                                                    "type": "string"
                                                                                },
                                                                                "azureADRegistered": {
                                                                                    "type": "boolean"
                                                                                },
                                                                                "azureActiveDirectoryDeviceId": {
                                                                                    "type": "string"
                                                                                },
                                                                                "bootstrapTokenEscrowed": {
                                                                                    "type": "boolean"
                                                                                },
                                                                                "chassisType": {
                                                                                    "type": "string"
                                                                                },
                                                                                "chromeOSDeviceInfo": {
                                                                                    "type": "array"
                                                                                },
                                                                                "complianceGracePeriodExpirationDateTime": {
                                                                                    "type": "string"
                                                                                },
                                                                                "complianceState": {
                                                                                    "type": "string"
                                                                                },
                                                                                "configurationManagerClientEnabledFeatures": {},
                                                                                "configurationManagerClientHealthState": {},
                                                                                "configurationManagerClientInformation": {},
                                                                                "deviceActionResults": {
                                                                                    "type": "array"
                                                                                },
                                                                                "deviceCategoryDisplayName": {
                                                                                    "type": "string"
                                                                                },
                                                                                "deviceEnrollmentType": {
                                                                                    "type": "string"
                                                                                },
                                                                                "deviceFirmwareConfigurationInterfaceManaged": {
                                                                                    "type": "boolean"
                                                                                },
                                                                                "deviceHealthAttestationState": {},
                                                                                "deviceName": {
                                                                                    "type": "string"
                                                                                },
                                                                                "deviceRegistrationState": {
                                                                                    "type": "string"
                                                                                },
                                                                                "deviceType": {
                                                                                    "type": "string"
                                                                                },
                                                                                "easActivated": {
                                                                                    "type": "boolean"
                                                                                },
                                                                                "easActivationDateTime": {
                                                                                    "type": "string"
                                                                                },
                                                                                "easDeviceId": {},
                                                                                "emailAddress": {
                                                                                    "type": "string"
                                                                                },
                                                                                "enrolledDateTime": {
                                                                                    "type": "string"
                                                                                },
                                                                                "enrollmentProfileName": {
                                                                                    "type": "string"
                                                                                },
                                                                                "ethernetMacAddress": {
                                                                                    "type": "string"
                                                                                },
                                                                                "exchangeAccessState": {
                                                                                    "type": "string"
                                                                                },
                                                                                "exchangeAccessStateReason": {
                                                                                    "type": "string"
                                                                                },
                                                                                "exchangeLastSuccessfulSyncDateTime": {
                                                                                    "type": "string"
                                                                                },
                                                                                "freeStorageSpaceInBytes": {
                                                                                    "type": "integer"
                                                                                },
                                                                                "hardwareInformation": {
                                                                                    "properties": {
                                                                                        "batteryChargeCycles": {
                                                                                            "type": "integer"
                                                                                        },
                                                                                        "batteryHealthPercentage": {
                                                                                            "type": "integer"
                                                                                        },
                                                                                        "batteryLevelPercentage": {},
                                                                                        "batterySerialNumber": {},
                                                                                        "cellularTechnology": {},
                                                                                        "deviceFullQualifiedDomainName": {},
                                                                                        "deviceGuardLocalSystemAuthorityCredentialGuardState": {
                                                                                            "type": "string"
                                                                                        },
                                                                                        "deviceGuardVirtualizationBasedSecurityHardwareRequirementState": {
                                                                                            "type": "string"
                                                                                        },
                                                                                        "deviceGuardVirtualizationBasedSecurityState": {
                                                                                            "type": "string"
                                                                                        },
                                                                                        "deviceLicensingLastErrorCode": {
                                                                                            "type": "integer"
                                                                                        },
                                                                                        "deviceLicensingLastErrorDescription": {},
                                                                                        "deviceLicensingStatus": {
                                                                                            "type": "string"
                                                                                        },
                                                                                        "esimIdentifier": {},
                                                                                        "freeStorageSpace": {
                                                                                            "type": "integer"
                                                                                        },
                                                                                        "imei": {},
                                                                                        "ipAddressV4": {},
                                                                                        "isEncrypted": {
                                                                                            "type": "boolean"
                                                                                        },
                                                                                        "isSharedDevice": {
                                                                                            "type": "boolean"
                                                                                        },
                                                                                        "isSupervised": {
                                                                                            "type": "boolean"
                                                                                        },
                                                                                        "manufacturer": {},
                                                                                        "meid": {},
                                                                                        "model": {},
                                                                                        "operatingSystemEdition": {},
                                                                                        "operatingSystemLanguage": {},
                                                                                        "operatingSystemProductType": {
                                                                                            "type": "integer"
                                                                                        },
                                                                                        "osBuildNumber": {},
                                                                                        "phoneNumber": {},
                                                                                        "productName": {},
                                                                                        "residentUsersCount": {},
                                                                                        "serialNumber": {},
                                                                                        "sharedDeviceCachedUsers": {
                                                                                            "type": "array"
                                                                                        },
                                                                                        "subnetAddress": {},
                                                                                        "subscriberCarrier": {},
                                                                                        "systemManagementBIOSVersion": {},
                                                                                        "totalStorageSpace": {
                                                                                            "type": "integer"
                                                                                        },
                                                                                        "tpmManufacturer": {},
                                                                                        "tpmSpecificationVersion": {},
                                                                                        "tpmVersion": {},
                                                                                        "wifiMac": {},
                                                                                        "wiredIPv4Addresses": {
                                                                                            "type": "array"
                                                                                        }
                                                                                    },
                                                                                    "type": "object"
                                                                                },
                                                                                "iccid": {
                                                                                    "type": "string"
                                                                                },
                                                                                "id": {
                                                                                    "type": "string"
                                                                                },
                                                                                "imei": {},
                                                                                "isEncrypted": {
                                                                                    "type": "boolean"
                                                                                },
                                                                                "isSupervised": {
                                                                                    "type": "boolean"
                                                                                },
                                                                                "jailBroken": {
                                                                                    "type": "string"
                                                                                },
                                                                                "joinType": {
                                                                                    "type": "string"
                                                                                },
                                                                                "lastSyncDateTime": {
                                                                                    "type": "string"
                                                                                },
                                                                                "lostModeState": {
                                                                                    "type": "string"
                                                                                },
                                                                                "managedDeviceName": {
                                                                                    "type": "string"
                                                                                },
                                                                                "managedDeviceOwnerType": {
                                                                                    "type": "string"
                                                                                },
                                                                                "managementAgent": {
                                                                                    "type": "string"
                                                                                },
                                                                                "managementCertificateExpirationDate": {
                                                                                    "type": "string"
                                                                                },
                                                                                "managementFeatures": {
                                                                                    "type": "string"
                                                                                },
                                                                                "managementState": {
                                                                                    "type": "string"
                                                                                },
                                                                                "manufacturer": {
                                                                                    "type": "string"
                                                                                },
                                                                                "meid": {},
                                                                                "model": {
                                                                                    "type": "string"
                                                                                },
                                                                                "notes": {},
                                                                                "operatingSystem": {
                                                                                    "type": "string"
                                                                                },
                                                                                "osVersion": {
                                                                                    "type": "string"
                                                                                },
                                                                                "ownerType": {
                                                                                    "type": "string"
                                                                                },
                                                                                "partnerReportedThreatState": {
                                                                                    "type": "string"
                                                                                },
                                                                                "phoneNumber": {},
                                                                                "physicalMemoryInBytes": {
                                                                                    "type": "integer"
                                                                                },
                                                                                "preferMdmOverGroupPolicyAppliedDateTime": {
                                                                                    "type": "string"
                                                                                },
                                                                                "processorArchitecture": {
                                                                                    "type": "string"
                                                                                },
                                                                                "remoteAssistanceSessionErrorDetails": {
                                                                                    "type": "string"
                                                                                },
                                                                                "remoteAssistanceSessionUrl": {
                                                                                    "type": "string"
                                                                                },
                                                                                "requireUserEnrollmentApproval": {},
                                                                                "retireAfterDateTime": {
                                                                                    "type": "string"
                                                                                },
                                                                                "roleScopeTagIds": {
                                                                                    "items": {
                                                                                        "type": "string"
                                                                                    },
                                                                                    "type": "array"
                                                                                },
                                                                                "serialNumber": {
                                                                                    "type": "string"
                                                                                },
                                                                                "skuFamily": {
                                                                                    "type": "string"
                                                                                },
                                                                                "skuNumber": {
                                                                                    "type": "integer"
                                                                                },
                                                                                "specificationVersion": {},
                                                                                "subscriberCarrier": {
                                                                                    "type": "string"
                                                                                },
                                                                                "totalStorageSpaceInBytes": {
                                                                                    "type": "integer"
                                                                                },
                                                                                "udid": {
                                                                                    "type": "string"
                                                                                },
                                                                                "userDisplayName": {
                                                                                    "type": "string"
                                                                                },
                                                                                "userId": {
                                                                                    "type": "string"
                                                                                },
                                                                                "userPrincipalName": {
                                                                                    "type": "string"
                                                                                },
                                                                                "usersLoggedOn": {
                                                                                    "items": {
                                                                                        "properties": {
                                                                                            "lastLogOnDateTime": {
                                                                                                "type": "string"
                                                                                            },
                                                                                            "userId": {
                                                                                                "type": "string"
                                                                                            }
                                                                                        },
                                                                                        "required": [
                                                                                            "userId",
                                                                                            "lastLogOnDateTime"
                                                                                        ],
                                                                                        "type": "object"
                                                                                    },
                                                                                    "type": "array"
                                                                                },
                                                                                "wiFiMacAddress": {
                                                                                    "type": "string"
                                                                                },
                                                                                "windowsActiveMalwareCount": {
                                                                                    "type": "integer"
                                                                                },
                                                                                "windowsRemediatedMalwareCount": {
                                                                                    "type": "integer"
                                                                                }
                                                                            },
                                                                            "type": "object"
                                                                        },
                                                                        "headers": {
                                                                            "properties": {
                                                                                "Content-Length": {
                                                                                    "type": "string"
                                                                                },
                                                                                "Content-Type": {
                                                                                    "type": "string"
                                                                                },
                                                                                "Date": {
                                                                                    "type": "string"
                                                                                },
                                                                                "OData-Version": {
                                                                                    "type": "string"
                                                                                },
                                                                                "Strict-Transport-Security": {
                                                                                    "type": "string"
                                                                                },
                                                                                "Transfer-Encoding": {
                                                                                    "type": "string"
                                                                                },
                                                                                "Vary": {
                                                                                    "type": "string"
                                                                                },
                                                                                "client-request-id": {
                                                                                    "type": "string"
                                                                                },
                                                                                "request-id": {
                                                                                    "type": "string"
                                                                                },
                                                                                "x-ms-ags-diagnostic": {
                                                                                    "type": "string"
                                                                                }
                                                                            },
                                                                            "type": "object"
                                                                        },
                                                                        "statusCode": {
                                                                            "type": "integer"
                                                                        }
                                                                    },
                                                                    "type": "object"
                                                                }
                                                            }
                                                        }
                                                    },
                                                    "runAfter": {
                                                        "IF_user_is_assigned": [
                                                            "Succeeded"
                                                        ]
                                                    },
                                                    "type": "Scope"
                                                }
                                            },
                                            "runAfter": {
                                                "Parse_JSON_-_Autopilot_Object": [
                                                    "Succeeded"
                                                ]
                                            },
                                            "type": "Foreach"
                                        },
                                        "HTTP_-_Get_Autopilot_device_by_SN": {
                                            "runAfter": {},
                                            "type": "Http",
                                            "inputs": {
                                                "authentication": {
                                                    "audience": "https://graph.microsoft.com",
                                                    "type": "ManagedServiceIdentity"
                                                },
                                                "method": "GET",
                                                "uri": "https://graph.microsoft.com/beta/deviceManagement/windowsAutopilotDeviceIdentities?$filter=((contains(serialnumber,'@{items('ForEach_Device_item')?['fields']?['SN']}')))"
                                            }
                                        },
                                        "Parse_JSON_-_Autopilot_Object": {
                                            "runAfter": {
                                                "HTTP_-_Get_Autopilot_device_by_SN": [
                                                    "Succeeded"
                                                ]
                                            },
                                            "type": "ParseJson",
                                            "inputs": {
                                                "content": "@body('HTTP_-_Get_Autopilot_device_by_SN')",
                                                "schema": {
                                                    "properties": {
                                                        "@@microsoft.graph.tips": {
                                                            "type": "string"
                                                        },
                                                        "@@odata.context": {
                                                            "type": "string"
                                                        },
                                                        "@@odata.count": {
                                                            "type": "integer"
                                                        },
                                                        "value": {
                                                            "items": {
                                                                "properties": {
                                                                    "addressableUserName": {
                                                                        "type": "string"
                                                                    },
                                                                    "azureActiveDirectoryDeviceId": {
                                                                        "type": "string"
                                                                    },
                                                                    "azureAdDeviceId": {
                                                                        "type": "string"
                                                                    },
                                                                    "deploymentProfileAssignedDateTime": {
                                                                        "type": "string"
                                                                    },
                                                                    "deploymentProfileAssignmentDetailedStatus": {
                                                                        "type": "string"
                                                                    },
                                                                    "deploymentProfileAssignmentStatus": {
                                                                        "type": "string"
                                                                    },
                                                                    "deviceAccountPassword": {},
                                                                    "deviceAccountUpn": {
                                                                        "type": "string"
                                                                    },
                                                                    "deviceFriendlyName": {},
                                                                    "displayName": {
                                                                        "type": "string"
                                                                    },
                                                                    "enrollmentState": {
                                                                        "type": "string"
                                                                    },
                                                                    "groupTag": {
                                                                        "type": "string"
                                                                    },
                                                                    "id": {
                                                                        "type": "string"
                                                                    },
                                                                    "lastContactedDateTime": {
                                                                        "type": "string"
                                                                    },
                                                                    "managedDeviceId": {
                                                                        "type": "string"
                                                                    },
                                                                    "manufacturer": {
                                                                        "type": "string"
                                                                    },
                                                                    "model": {
                                                                        "type": "string"
                                                                    },
                                                                    "productKey": {
                                                                        "type": "string"
                                                                    },
                                                                    "purchaseOrderIdentifier": {
                                                                        "type": "string"
                                                                    },
                                                                    "remediationState": {
                                                                        "type": "string"
                                                                    },
                                                                    "remediationStateLastModifiedDateTime": {
                                                                        "type": "string"
                                                                    },
                                                                    "resourceName": {
                                                                        "type": "string"
                                                                    },
                                                                    "serialNumber": {
                                                                        "type": "string"
                                                                    },
                                                                    "skuNumber": {
                                                                        "type": "string"
                                                                    },
                                                                    "systemFamily": {
                                                                        "type": "string"
                                                                    },
                                                                    "userPrincipalName": {
                                                                        "type": "string"
                                                                    },
                                                                    "userlessEnrollmentStatus": {
                                                                        "type": "string"
                                                                    }
                                                                },
                                                                "required": [
                                                                    "id",
                                                                    "deploymentProfileAssignmentStatus",
                                                                    "deploymentProfileAssignmentDetailedStatus",
                                                                    "deploymentProfileAssignedDateTime",
                                                                    "groupTag",
                                                                    "purchaseOrderIdentifier",
                                                                    "serialNumber",
                                                                    "productKey",
                                                                    "manufacturer",
                                                                    "model",
                                                                    "enrollmentState",
                                                                    "lastContactedDateTime",
                                                                    "addressableUserName",
                                                                    "userPrincipalName",
                                                                    "resourceName",
                                                                    "skuNumber",
                                                                    "systemFamily",
                                                                    "azureActiveDirectoryDeviceId",
                                                                    "azureAdDeviceId",
                                                                    "managedDeviceId",
                                                                    "displayName",
                                                                    "deviceAccountUpn",
                                                                    "deviceAccountPassword",
                                                                    "deviceFriendlyName",
                                                                    "remediationState",
                                                                    "remediationStateLastModifiedDateTime",
                                                                    "userlessEnrollmentStatus"
                                                                ],
                                                                "type": "object"
                                                            },
                                                            "type": "array"
                                                        }
                                                    },
                                                    "type": "object"
                                                }
                                            }
                                        }
                                    },
                                    "runAfter": {},
                                    "expression": {
                                        "and": [
                                            {
                                                "equals": [
                                                    "@items('ForEach_Device_item')?['fields']?['OS']",
                                                    "Windows"
                                                ]
                                            },
                                            {
                                                "equals": [
                                                    "@items('ForEach_Device_item')?['fields']?['Status']",
                                                    "aktiv"
                                                ]
                                            }
                                        ]
                                    },
                                    "type": "If"
                                }
                            },
                            "runAfter": {
                                "Parse_JSON_-_list_items": [
                                    "Succeeded"
                                ]
                            },
                            "type": "Foreach"
                        },
                        "HTTP_-_Get_all_list_items": {
                            "runAfter": {},
                            "type": "Http",
                            "inputs": {
                                "authentication": {
                                    "audience": "https://graph.microsoft.com",
                                    "type": "ManagedServiceIdentity"
                                },
                                "method": "GET",
                                "uri": "https://graph.microsoft.com/v1.0/sites/scloudwork.sharepoint.com:/sites/Doku:/lists/cb02a139-4350-42d8-926c-14ab28747bf9/items?$select=id,&$expand=fields($select=Title,SN,OS,User,Status,Grouptag)"
                            }
                        },
                        "Parse_JSON_-_list_items": {
                            "runAfter": {
                                "HTTP_-_Get_all_list_items": [
                                    "Succeeded"
                                ]
                            },
                            "type": "ParseJson",
                            "inputs": {
                                "content": "@body('HTTP_-_Get_all_list_items')",
                                "schema": {
                                    "properties": {
                                        "@@odata.context": {
                                            "type": "string"
                                        },
                                        "value": {
                                            "items": {
                                                "properties": {
                                                    "@@odata.etag": {
                                                        "type": "string"
                                                    },
                                                    "fields": {
                                                        "properties": {
                                                            "@@odata.etag": {
                                                                "type": "string"
                                                            },
                                                            "Grouptag": {
                                                                "type": "string"
                                                            },
                                                            "OS": {
                                                                "type": "string"
                                                            },
                                                            "SN": {
                                                                "type": "string"
                                                            },
                                                            "Status": {
                                                                "type": "string"
                                                            },
                                                            "Title": {
                                                                "type": "string"
                                                            },
                                                            "User": {
                                                                "type": "string"
                                                            }
                                                        },
                                                        "type": "object"
                                                    },
                                                    "fields@odata.context": {
                                                        "type": "string"
                                                    },
                                                    "id": {
                                                        "type": "string"
                                                    }
                                                },
                                                "required": [
                                                    "@@odata.etag",
                                                    "id",
                                                    "fields@odata.context",
                                                    "fields"
                                                ],
                                                "type": "object"
                                            },
                                            "type": "array"
                                        }
                                    },
                                    "type": "object"
                                }
                            }
                        },
                        "Scope_-_Catch_Autopilot_synchronisation": {
                            "actions": {},
                            "runAfter": {
                                "Scope_-_Try_Autopilot_synchronisation": [
                                    "Failed"
                                ]
                            },
                            "type": "Scope"
                        },
                        "Scope_-_Try_Autopilot_synchronisation": {
                            "actions": {
                                "HTTP_-_Autopilot_synchronisation": {
                                    "runAfter": {},
                                    "type": "Http",
                                    "inputs": {
                                        "authentication": {
                                            "audience": "https://graph.microsoft.com",
                                            "type": "ManagedServiceIdentity"
                                        },
                                        "method": "POST",
                                        "uri": "https://graph.microsoft.com/beta/deviceManagement/windowsAutopilotSettings/sync"
                                    }
                                }
                            },
                            "runAfter": {
                                "ForEach_Device_item": [
                                    "Succeeded"
                                ]
                            },
                            "type": "Scope"
                        }
                    },
                    "outputs": {}
                },
                "parameters": {}
            }
        }
    ]
}